<?xml version="1.0" encoding="UTF-8"?>
<project-private xmlns="http://www.netbeans.org/ns/project-private/1">
    <editor-bookmarks xmlns="http://www.netbeans.org/ns/editor-bookmarks/2" lastBookmarkId="0"/>
    <open-files xmlns="http://www.netbeans.org/ns/projectui-open-files/2">
        <group>
            <file>file:/C:/Users/Miguel%20Sinay/Documents/UMG/CICLO%20VI/Investigación%20de%20Operaciones/Actividades/Final/EOQApp/src/eoqapp/CalculadorEOQ.java</file>
            <file>file:/C:/Users/Miguel%20Sinay/Documents/UMG/CICLO%20VI/Investigación%20de%20Operaciones/Actividades/Final/EOQApp/src/eoqapp/EOQApp.java</file>
        </group>
    </open-files>
</project-private>
